AppName;ComponentName;MemberName;MemberInfo;Value
QnSTradingCompany;NavMenu;Home;;{"Text":"Home","Value":"home","Path":"/","Icon":"home","Order":1}
QnSTradingCompany;NavMenu;Product;;{"Text":"Product","Value":"product","Path":"Product","Icon":"category","Order":2}
QnSTradingCompany;NavMenu;Customer;;{"Text":"Customer","Value":"costumer","Path":"Customer","Icon":"face","Order":3}
QnSTradingCompany;NavMenu;Order;;{"Text":"Order","Value":"order","Path":"Order","Icon":"face","Order":4}
QnSTradingCompany;Customer;PageSize;;50
QnSTradingCompany;CustomerDataGrid;Setting;;{"HasDataGridProgress":true,"HasEditDialogHeader":false,"HasEditDialogFooter":true,"HasDeleteDialogHeader":false,"HasDeleteDialogFooter":true}
QnSTradingCompany;CustomerDataGrid;EditOptions;;{"ShowTitle":true,"ShowClose":true,"Left":"","Top":"","Bottom":"","Width":"800px","Height":""}
QnSTradingCompany;CustomerDataGrid;DeleteOptions;;{"ShowTitle":true,"ShowClose":true,"Left":"","Top":"","Bottom":"","Width":"800px","Height":""}
QnSTradingCompany;Customer;Number;;{"ScaffoldItem":true,"IsModelItem":false,"Readonly":false,"FormatValue":"","Visible":true,"DisplayVisible":true,"EditVisible":true,"ListVisible":true,"ListSortable":true,"ListFilterable":true,"ListWidth":"100%","Order":10000}
QnSTradingCompany;Customer;Name;;{"ScaffoldItem":true,"IsModelItem":false,"Readonly":false,"FormatValue":"","Visible":true,"DisplayVisible":true,"EditVisible":true,"ListVisible":true,"ListSortable":true,"ListFilterable":true,"ListWidth":"100%","Order":10000}
QnSTradingCompany;Customer;RowVersion;;{"ScaffoldItem":true,"IsModelItem":false,"Readonly":false,"FormatValue":"","Visible":false,"DisplayVisible":true,"EditVisible":true,"ListVisible":true,"ListSortable":true,"ListFilterable":true,"ListWidth":"100%","Order":10000}
QnSTradingCompany;Customer;Id;;{"ScaffoldItem":true,"IsModelItem":false,"Readonly":false,"FormatValue":"","Visible":false,"DisplayVisible":true,"EditVisible":true,"ListVisible":true,"ListSortable":true,"ListFilterable":true,"ListWidth":"100px","Order":10000}
QnSTradingCompany;Product;PageSize;;50
QnSTradingCompany;ProductDataGrid;Setting;;{"HasDataGridProgress":true,"HasEditDialogHeader":false,"HasEditDialogFooter":true,"HasDeleteDialogHeader":false,"HasDeleteDialogFooter":true}
QnSTradingCompany;ProductDataGrid;EditOptions;;{"ShowTitle":true,"ShowClose":true,"Left":"","Top":"","Bottom":"","Width":"800px","Height":""}
QnSTradingCompany;ProductDataGrid;DeleteOptions;;{"ShowTitle":true,"ShowClose":true,"Left":"","Top":"","Bottom":"","Width":"800px","Height":""}
QnSTradingCompany;Product;Number;;{"ScaffoldItem":true,"IsModelItem":false,"Readonly":false,"FormatValue":"","Visible":true,"DisplayVisible":true,"EditVisible":true,"ListVisible":true,"ListSortable":true,"ListFilterable":true,"ListWidth":"100%","Order":10000}
QnSTradingCompany;Product;Name;;{"ScaffoldItem":true,"IsModelItem":false,"Readonly":false,"FormatValue":"","Visible":true,"DisplayVisible":true,"EditVisible":true,"ListVisible":true,"ListSortable":true,"ListFilterable":true,"ListWidth":"100%","Order":10000}
QnSTradingCompany;Product;Price;;{"ScaffoldItem":true,"IsModelItem":false,"Readonly":false,"FormatValue":"","Visible":true,"DisplayVisible":true,"EditVisible":true,"ListVisible":true,"ListSortable":true,"ListFilterable":true,"ListWidth":"100px","Order":10000}
QnSTradingCompany;Product;RowVersion;;{"ScaffoldItem":true,"IsModelItem":false,"Readonly":false,"FormatValue":"","Visible":false,"DisplayVisible":true,"EditVisible":true,"ListVisible":true,"ListSortable":true,"ListFilterable":true,"ListWidth":"100%","Order":10000}
QnSTradingCompany;Product;Id;;{"ScaffoldItem":true,"IsModelItem":false,"Readonly":false,"FormatValue":"","Visible":false,"DisplayVisible":true,"EditVisible":true,"ListVisible":true,"ListSortable":true,"ListFilterable":true,"ListWidth":"100px","Order":10000}
QnSTradingCompany;Translation;PageSize;;50
QnSTradingCompany;TranslationDataGrid;Setting;;{"HasDataGridProgress":true,"HasEditDialogHeader":false,"HasEditDialogFooter":true,"HasDeleteDialogHeader":false,"HasDeleteDialogFooter":true}
QnSTradingCompany;TranslationDataGrid;EditOptions;;{"ShowTitle":true,"ShowClose":true,"Left":"","Top":"","Bottom":"","Width":"800px","Height":""}
QnSTradingCompany;TranslationDataGrid;DeleteOptions;;{"ShowTitle":true,"ShowClose":true,"Left":"","Top":"","Bottom":"","Width":"800px","Height":""}
QnSTradingCompany;Translation;AppName;;{"ScaffoldItem":true,"IsModelItem":false,"Readonly":false,"FormatValue":"","Visible":true,"DisplayVisible":true,"EditVisible":true,"ListVisible":true,"ListSortable":true,"ListFilterable":true,"ListWidth":"100%","Order":10000}
QnSTradingCompany;Translation;KeyLanguage;;{"ScaffoldItem":true,"IsModelItem":false,"Readonly":false,"FormatValue":"","Visible":true,"DisplayVisible":true,"EditVisible":true,"ListVisible":true,"ListSortable":true,"ListFilterable":true,"ListWidth":"100px","Order":10000}
QnSTradingCompany;Translation;Key;;{"ScaffoldItem":true,"IsModelItem":false,"Readonly":false,"FormatValue":"","Visible":true,"DisplayVisible":true,"EditVisible":true,"ListVisible":true,"ListSortable":true,"ListFilterable":true,"ListWidth":"100%","Order":10000}
QnSTradingCompany;Translation;ValueLanguage;;{"ScaffoldItem":true,"IsModelItem":false,"Readonly":false,"FormatValue":"","Visible":true,"DisplayVisible":true,"EditVisible":true,"ListVisible":true,"ListSortable":true,"ListFilterable":true,"ListWidth":"100px","Order":10000}
QnSTradingCompany;Translation;Value;;{"ScaffoldItem":true,"IsModelItem":false,"Readonly":false,"FormatValue":"","Visible":true,"DisplayVisible":true,"EditVisible":true,"ListVisible":true,"ListSortable":true,"ListFilterable":true,"ListWidth":"100%","Order":10000}
QnSTradingCompany;Translation;Id;;{"ScaffoldItem":true,"IsModelItem":false,"Readonly":false,"FormatValue":"","Visible":false,"DisplayVisible":true,"EditVisible":true,"ListVisible":true,"ListSortable":true,"ListFilterable":true,"ListWidth":"100px","Order":10000}
QnSTradingCompany;Translation;RowVersion;;{"ScaffoldItem":true,"IsModelItem":false,"Readonly":false,"FormatValue":"","Visible":false,"DisplayVisible":true,"EditVisible":true,"ListVisible":true,"ListSortable":true,"ListFilterable":true,"ListWidth":"100%","Order":10000}
QnSTradingCompany;BinaryData;PageSize;;50
QnSTradingCompany;BinaryDataDataGrid;Setting;;{"HasDataGridProgress":true,"HasEditDialogHeader":false,"HasEditDialogFooter":true,"HasDeleteDialogHeader":false,"HasDeleteDialogFooter":true}
QnSTradingCompany;BinaryDataDataGrid;EditOptions;;{"ShowTitle":true,"ShowClose":true,"Left":"","Top":"","Bottom":"","Width":"800px","Height":""}
QnSTradingCompany;BinaryDataDataGrid;DeleteOptions;;{"ShowTitle":true,"ShowClose":true,"Left":"","Top":"","Bottom":"","Width":"800px","Height":""}
QnSTradingCompany;BinaryData;Guid;;{"ScaffoldItem":true,"IsModelItem":false,"Readonly":false,"FormatValue":"","Visible":true,"DisplayVisible":true,"EditVisible":true,"ListVisible":true,"ListSortable":true,"ListFilterable":true,"ListWidth":"100%","Order":10000}
QnSTradingCompany;BinaryData;Data;;{"ScaffoldItem":true,"IsModelItem":false,"Readonly":false,"FormatValue":"","Visible":false,"DisplayVisible":true,"EditVisible":true,"ListVisible":true,"ListSortable":true,"ListFilterable":true,"ListWidth":"100%","Order":10000}
QnSTradingCompany;BinaryData;RowVersion;;{"ScaffoldItem":true,"IsModelItem":false,"Readonly":false,"FormatValue":"","Visible":false,"DisplayVisible":true,"EditVisible":true,"ListVisible":true,"ListSortable":true,"ListFilterable":true,"ListWidth":"100%","Order":10000}
QnSTradingCompany;BinaryData;Id;;{"ScaffoldItem":true,"IsModelItem":false,"Readonly":false,"FormatValue":"","Visible":false,"DisplayVisible":true,"EditVisible":true,"ListVisible":true,"ListSortable":true,"ListFilterable":true,"ListWidth":"100px","Order":10000}
QnSTradingCompany;Setting;PageSize;;50
QnSTradingCompany;SettingDataGrid;Setting;;{"HasDataGridProgress":true,"HasEditDialogHeader":false,"HasEditDialogFooter":true,"HasDeleteDialogHeader":false,"HasDeleteDialogFooter":true}
QnSTradingCompany;SettingDataGrid;EditOptions;;{"ShowTitle":true,"ShowClose":true,"Left":"","Top":"","Bottom":"","Width":"800px","Height":""}
QnSTradingCompany;SettingDataGrid;DeleteOptions;;{"ShowTitle":true,"ShowClose":true,"Left":"","Top":"","Bottom":"","Width":"800px","Height":""}
QnSTradingCompany;Setting;AppName;;{"ScaffoldItem":true,"IsModelItem":false,"Readonly":false,"FormatValue":"","Visible":true,"DisplayVisible":true,"EditVisible":true,"ListVisible":true,"ListSortable":true,"ListFilterable":true,"ListWidth":"100%","Order":10000}
QnSTradingCompany;Setting;Key;;{"ScaffoldItem":true,"IsModelItem":false,"Readonly":false,"FormatValue":"","Visible":true,"DisplayVisible":true,"EditVisible":true,"ListVisible":true,"ListSortable":true,"ListFilterable":true,"ListWidth":"100%","Order":10000}
QnSTradingCompany;Setting;Value;;{"ScaffoldItem":true,"IsModelItem":false,"Readonly":false,"FormatValue":"","Visible":true,"DisplayVisible":true,"EditVisible":true,"ListVisible":true,"ListSortable":true,"ListFilterable":true,"ListWidth":"100%","Order":10000}
QnSTradingCompany;Setting;Id;;{"ScaffoldItem":true,"IsModelItem":false,"Readonly":false,"FormatValue":"","Visible":false,"DisplayVisible":true,"EditVisible":true,"ListVisible":true,"ListSortable":true,"ListFilterable":true,"ListWidth":"100px","Order":10000}
QnSTradingCompany;Setting;RowVersion;;{"ScaffoldItem":true,"IsModelItem":false,"Readonly":false,"FormatValue":"","Visible":false,"DisplayVisible":true,"EditVisible":true,"ListVisible":true,"ListSortable":true,"ListFilterable":true,"ListWidth":"100%","Order":10000}
QnSTradingCompany;Condition;PageSize;;50
QnSTradingCompany;ConditionDataGrid;Setting;;{"HasDataGridProgress":true,"HasEditDialogHeader":false,"HasEditDialogFooter":true,"HasDeleteDialogHeader":false,"HasDeleteDialogFooter":true}
QnSTradingCompany;ConditionDataGrid;EditOptions;;{"ShowTitle":true,"ShowClose":true,"Left":"","Top":"","Bottom":"","Width":"800px","Height":""}
QnSTradingCompany;ConditionDataGrid;DeleteOptions;;{"ShowTitle":true,"ShowClose":true,"Left":"","Top":"","Bottom":"","Width":"800px","Height":""}
QnSTradingCompany;Condition;ProductId;;{"ScaffoldItem":true,"IsModelItem":false,"Readonly":false,"FormatValue":"","Visible":true,"DisplayVisible":true,"EditVisible":true,"ListVisible":true,"ListSortable":true,"ListFilterable":true,"ListWidth":"100px","Order":10000}
QnSTradingCompany;Condition;CustomerId;;{"ScaffoldItem":true,"IsModelItem":false,"Readonly":false,"FormatValue":"","Visible":true,"DisplayVisible":true,"EditVisible":true,"ListVisible":true,"ListSortable":true,"ListFilterable":true,"ListWidth":"100px","Order":10000}
QnSTradingCompany;Condition;ConditionType;;{"ScaffoldItem":true,"IsModelItem":false,"Readonly":false,"FormatValue":"","Visible":true,"DisplayVisible":true,"EditVisible":true,"ListVisible":true,"ListSortable":true,"ListFilterable":true,"ListWidth":"100px","Order":10000}
QnSTradingCompany;Condition;Value;;{"ScaffoldItem":true,"IsModelItem":false,"Readonly":false,"FormatValue":"","Visible":true,"DisplayVisible":true,"EditVisible":true,"ListVisible":true,"ListSortable":true,"ListFilterable":true,"ListWidth":"100%","Order":10000}
QnSTradingCompany;Condition;Note;;{"ScaffoldItem":true,"IsModelItem":false,"Readonly":false,"FormatValue":"","Visible":true,"DisplayVisible":true,"EditVisible":true,"ListVisible":true,"ListSortable":true,"ListFilterable":true,"ListWidth":"100%","Order":10000}
QnSTradingCompany;Condition;RowVersion;;{"ScaffoldItem":true,"IsModelItem":false,"Readonly":false,"FormatValue":"","Visible":false,"DisplayVisible":true,"EditVisible":true,"ListVisible":true,"ListSortable":true,"ListFilterable":true,"ListWidth":"100%","Order":10000}
QnSTradingCompany;Condition;Id;;{"ScaffoldItem":true,"IsModelItem":false,"Readonly":false,"FormatValue":"","Visible":false,"DisplayVisible":true,"EditVisible":true,"ListVisible":true,"ListSortable":true,"ListFilterable":true,"ListWidth":"100px","Order":10000}
QnSTradingCompany;Order;PageSize;;50
QnSTradingCompany;OrderDataGrid;Setting;;{"HasDataGridProgress":true,"HasEditDialogHeader":false,"HasEditDialogFooter":true,"HasDeleteDialogHeader":false,"HasDeleteDialogFooter":true}
QnSTradingCompany;OrderDataGrid;EditOptions;;{"ShowTitle":true,"ShowClose":true,"Left":"","Top":"","Bottom":"","Width":"800px","Height":""}
QnSTradingCompany;OrderDataGrid;DeleteOptions;;{"ShowTitle":true,"ShowClose":true,"Left":"","Top":"","Bottom":"","Width":"800px","Height":""}
QnSTradingCompany;Order;ProductId;;{"ScaffoldItem":true,"IsModelItem":false,"Readonly":false,"FormatValue":"","Visible":true,"DisplayVisible":true,"EditVisible":true,"ListVisible":true,"ListSortable":true,"ListFilterable":true,"ListWidth":"100px","Order":10000}
QnSTradingCompany;Order;CustomerId;;{"ScaffoldItem":true,"IsModelItem":false,"Readonly":false,"FormatValue":"","Visible":true,"DisplayVisible":true,"EditVisible":true,"ListVisible":true,"ListSortable":true,"ListFilterable":true,"ListWidth":"100px","Order":10000}
QnSTradingCompany;Order;Count;;{"ScaffoldItem":true,"IsModelItem":false,"Readonly":false,"FormatValue":"","Visible":true,"DisplayVisible":true,"EditVisible":true,"ListVisible":true,"ListSortable":true,"ListFilterable":true,"ListWidth":"100px","Order":10000}
QnSTradingCompany;Order;Discount;;{"ScaffoldItem":true,"IsModelItem":false,"Readonly":false,"FormatValue":"","Visible":true,"DisplayVisible":true,"EditVisible":true,"ListVisible":true,"ListSortable":true,"ListFilterable":true,"ListWidth":"100px","Order":10000}
QnSTradingCompany;Order;RowVersion;;{"ScaffoldItem":true,"IsModelItem":false,"Readonly":false,"FormatValue":"","Visible":false,"DisplayVisible":true,"EditVisible":true,"ListVisible":true,"ListSortable":true,"ListFilterable":true,"ListWidth":"100%","Order":10000}
QnSTradingCompany;Order;Id;;{"ScaffoldItem":true,"IsModelItem":false,"Readonly":false,"FormatValue":"","Visible":false,"DisplayVisible":true,"EditVisible":true,"ListVisible":true,"ListSortable":true,"ListFilterable":true,"ListWidth":"100px","Order":10000}
QnSTradingCompany;ActionLog;PageSize;;50
QnSTradingCompany;ActionLogDataGrid;Setting;;{"HasDataGridProgress":true,"HasEditDialogHeader":false,"HasEditDialogFooter":true,"HasDeleteDialogHeader":false,"HasDeleteDialogFooter":true}
QnSTradingCompany;ActionLogDataGrid;EditOptions;;{"ShowTitle":true,"ShowClose":true,"Left":"","Top":"","Bottom":"","Width":"800px","Height":""}
QnSTradingCompany;ActionLogDataGrid;DeleteOptions;;{"ShowTitle":true,"ShowClose":true,"Left":"","Top":"","Bottom":"","Width":"800px","Height":""}
QnSTradingCompany;ActionLog;IdentityId;;{"ScaffoldItem":true,"IsModelItem":false,"Readonly":false,"FormatValue":"","Visible":true,"DisplayVisible":true,"EditVisible":true,"ListVisible":true,"ListSortable":true,"ListFilterable":true,"ListWidth":"100px","Order":10000}
QnSTradingCompany;ActionLog;Time;;{"ScaffoldItem":true,"IsModelItem":false,"Readonly":false,"FormatValue":"","Visible":true,"DisplayVisible":true,"EditVisible":true,"ListVisible":true,"ListSortable":true,"ListFilterable":true,"ListWidth":"150px","Order":10000}
QnSTradingCompany;ActionLog;Subject;;{"ScaffoldItem":true,"IsModelItem":false,"Readonly":false,"FormatValue":"","Visible":true,"DisplayVisible":true,"EditVisible":true,"ListVisible":true,"ListSortable":true,"ListFilterable":true,"ListWidth":"100%","Order":10000}
QnSTradingCompany;ActionLog;Action;;{"ScaffoldItem":true,"IsModelItem":false,"Readonly":false,"FormatValue":"","Visible":true,"DisplayVisible":true,"EditVisible":true,"ListVisible":true,"ListSortable":true,"ListFilterable":true,"ListWidth":"100%","Order":10000}
QnSTradingCompany;ActionLog;Info;;{"ScaffoldItem":true,"IsModelItem":false,"Readonly":false,"FormatValue":"","Visible":true,"DisplayVisible":true,"EditVisible":true,"ListVisible":true,"ListSortable":true,"ListFilterable":true,"ListWidth":"100%","Order":10000}
QnSTradingCompany;ActionLog;RowVersion;;{"ScaffoldItem":true,"IsModelItem":false,"Readonly":false,"FormatValue":"","Visible":false,"DisplayVisible":true,"EditVisible":true,"ListVisible":true,"ListSortable":true,"ListFilterable":true,"ListWidth":"100%","Order":10000}
QnSTradingCompany;ActionLog;Id;;{"ScaffoldItem":true,"IsModelItem":false,"Readonly":false,"FormatValue":"","Visible":false,"DisplayVisible":true,"EditVisible":true,"ListVisible":true,"ListSortable":true,"ListFilterable":true,"ListWidth":"100px","Order":10000}
QnSTradingCompany;Identity;PageSize;;50
QnSTradingCompany;IdentityDataGrid;Setting;;{"HasDataGridProgress":true,"HasEditDialogHeader":false,"HasEditDialogFooter":true,"HasDeleteDialogHeader":false,"HasDeleteDialogFooter":true}
QnSTradingCompany;IdentityDataGrid;EditOptions;;{"ShowTitle":true,"ShowClose":true,"Left":"","Top":"","Bottom":"","Width":"800px","Height":""}
QnSTradingCompany;IdentityDataGrid;DeleteOptions;;{"ShowTitle":true,"ShowClose":true,"Left":"","Top":"","Bottom":"","Width":"800px","Height":""}
QnSTradingCompany;Identity;Guid;;{"ScaffoldItem":true,"IsModelItem":false,"Readonly":false,"FormatValue":"","Visible":true,"DisplayVisible":true,"EditVisible":true,"ListVisible":true,"ListSortable":true,"ListFilterable":true,"ListWidth":"100%","Order":10000}
QnSTradingCompany;Identity;Name;;{"ScaffoldItem":true,"IsModelItem":false,"Readonly":false,"FormatValue":"","Visible":true,"DisplayVisible":true,"EditVisible":true,"ListVisible":true,"ListSortable":true,"ListFilterable":true,"ListWidth":"100%","Order":10000}
QnSTradingCompany;Identity;Email;;{"ScaffoldItem":true,"IsModelItem":false,"Readonly":false,"FormatValue":"","Visible":true,"DisplayVisible":true,"EditVisible":true,"ListVisible":true,"ListSortable":true,"ListFilterable":true,"ListWidth":"100%","Order":10000}
QnSTradingCompany;Identity;Password;;{"ScaffoldItem":true,"IsModelItem":false,"Readonly":false,"FormatValue":"","Visible":true,"DisplayVisible":true,"EditVisible":true,"ListVisible":true,"ListSortable":true,"ListFilterable":true,"ListWidth":"100%","Order":10000}
QnSTradingCompany;Identity;TimeOutInMinutes;;{"ScaffoldItem":true,"IsModelItem":false,"Readonly":false,"FormatValue":"","Visible":true,"DisplayVisible":true,"EditVisible":true,"ListVisible":true,"ListSortable":true,"ListFilterable":true,"ListWidth":"100px","Order":10000}
QnSTradingCompany;Identity;EnableJwtAuth;;{"ScaffoldItem":true,"IsModelItem":false,"Readonly":false,"FormatValue":"","Visible":true,"DisplayVisible":true,"EditVisible":true,"ListVisible":true,"ListSortable":true,"ListFilterable":true,"ListWidth":"100%","Order":10000}
QnSTradingCompany;Identity;AccessFailedCount;;{"ScaffoldItem":true,"IsModelItem":false,"Readonly":false,"FormatValue":"","Visible":true,"DisplayVisible":true,"EditVisible":true,"ListVisible":true,"ListSortable":true,"ListFilterable":true,"ListWidth":"100px","Order":10000}
QnSTradingCompany;Identity;State;;{"ScaffoldItem":true,"IsModelItem":false,"Readonly":false,"FormatValue":"","Visible":true,"DisplayVisible":true,"EditVisible":true,"ListVisible":true,"ListSortable":true,"ListFilterable":true,"ListWidth":"100px","Order":10000}
QnSTradingCompany;Identity;RowVersion;;{"ScaffoldItem":true,"IsModelItem":false,"Readonly":false,"FormatValue":"","Visible":false,"DisplayVisible":true,"EditVisible":true,"ListVisible":true,"ListSortable":true,"ListFilterable":true,"ListWidth":"100%","Order":10000}
QnSTradingCompany;Identity;Id;;{"ScaffoldItem":true,"IsModelItem":false,"Readonly":false,"FormatValue":"","Visible":false,"DisplayVisible":true,"EditVisible":true,"ListVisible":true,"ListSortable":true,"ListFilterable":true,"ListWidth":"100px","Order":10000}
QnSTradingCompany;IdentityXRole;PageSize;;50
QnSTradingCompany;IdentityXRoleDataGrid;Setting;;{"HasDataGridProgress":true,"HasEditDialogHeader":false,"HasEditDialogFooter":true,"HasDeleteDialogHeader":false,"HasDeleteDialogFooter":true}
QnSTradingCompany;IdentityXRoleDataGrid;EditOptions;;{"ShowTitle":true,"ShowClose":true,"Left":"","Top":"","Bottom":"","Width":"800px","Height":""}
QnSTradingCompany;IdentityXRoleDataGrid;DeleteOptions;;{"ShowTitle":true,"ShowClose":true,"Left":"","Top":"","Bottom":"","Width":"800px","Height":""}
QnSTradingCompany;IdentityXRole;IdentityId;;{"ScaffoldItem":true,"IsModelItem":false,"Readonly":false,"FormatValue":"","Visible":true,"DisplayVisible":true,"EditVisible":true,"ListVisible":true,"ListSortable":true,"ListFilterable":true,"ListWidth":"100px","Order":10000}
QnSTradingCompany;IdentityXRole;RoleId;;{"ScaffoldItem":true,"IsModelItem":false,"Readonly":false,"FormatValue":"","Visible":true,"DisplayVisible":true,"EditVisible":true,"ListVisible":true,"ListSortable":true,"ListFilterable":true,"ListWidth":"100px","Order":10000}
QnSTradingCompany;IdentityXRole;RowVersion;;{"ScaffoldItem":true,"IsModelItem":false,"Readonly":false,"FormatValue":"","Visible":false,"DisplayVisible":true,"EditVisible":true,"ListVisible":true,"ListSortable":true,"ListFilterable":true,"ListWidth":"100%","Order":10000}
QnSTradingCompany;IdentityXRole;Id;;{"ScaffoldItem":true,"IsModelItem":false,"Readonly":false,"FormatValue":"","Visible":false,"DisplayVisible":true,"EditVisible":true,"ListVisible":true,"ListSortable":true,"ListFilterable":true,"ListWidth":"100px","Order":10000}
QnSTradingCompany;LoginSession;PageSize;;50
QnSTradingCompany;LoginSessionDataGrid;Setting;;{"HasDataGridProgress":true,"HasEditDialogHeader":false,"HasEditDialogFooter":true,"HasDeleteDialogHeader":false,"HasDeleteDialogFooter":true}
QnSTradingCompany;LoginSessionDataGrid;EditOptions;;{"ShowTitle":true,"ShowClose":true,"Left":"","Top":"","Bottom":"","Width":"800px","Height":""}
QnSTradingCompany;LoginSessionDataGrid;DeleteOptions;;{"ShowTitle":true,"ShowClose":true,"Left":"","Top":"","Bottom":"","Width":"800px","Height":""}
QnSTradingCompany;LoginSession;IdentityId;;{"ScaffoldItem":true,"IsModelItem":false,"Readonly":false,"FormatValue":"","Visible":true,"DisplayVisible":true,"EditVisible":true,"ListVisible":true,"ListSortable":true,"ListFilterable":true,"ListWidth":"100px","Order":10000}
QnSTradingCompany;LoginSession;IsRemoteAuth;;{"ScaffoldItem":true,"IsModelItem":false,"Readonly":false,"FormatValue":"","Visible":true,"DisplayVisible":true,"EditVisible":true,"ListVisible":true,"ListSortable":true,"ListFilterable":true,"ListWidth":"100%","Order":10000}
QnSTradingCompany;LoginSession;Origin;;{"ScaffoldItem":true,"IsModelItem":false,"Readonly":false,"FormatValue":"","Visible":true,"DisplayVisible":true,"EditVisible":true,"ListVisible":true,"ListSortable":true,"ListFilterable":true,"ListWidth":"100%","Order":10000}
QnSTradingCompany;LoginSession;Name;;{"ScaffoldItem":true,"IsModelItem":false,"Readonly":false,"FormatValue":"","Visible":true,"DisplayVisible":true,"EditVisible":true,"ListVisible":true,"ListSortable":true,"ListFilterable":true,"ListWidth":"100%","Order":10000}
QnSTradingCompany;LoginSession;Email;;{"ScaffoldItem":true,"IsModelItem":false,"Readonly":false,"FormatValue":"","Visible":true,"DisplayVisible":true,"EditVisible":true,"ListVisible":true,"ListSortable":true,"ListFilterable":true,"ListWidth":"100%","Order":10000}
QnSTradingCompany;LoginSession;TimeOutInMinutes;;{"ScaffoldItem":true,"IsModelItem":false,"Readonly":false,"FormatValue":"","Visible":true,"DisplayVisible":true,"EditVisible":true,"ListVisible":true,"ListSortable":true,"ListFilterable":true,"ListWidth":"100px","Order":10000}
QnSTradingCompany;LoginSession;JsonWebToken;;{"ScaffoldItem":true,"IsModelItem":false,"Readonly":false,"FormatValue":"","Visible":true,"DisplayVisible":true,"EditVisible":true,"ListVisible":true,"ListSortable":true,"ListFilterable":true,"ListWidth":"100%","Order":10000}
QnSTradingCompany;LoginSession;SessionToken;;{"ScaffoldItem":true,"IsModelItem":false,"Readonly":false,"FormatValue":"","Visible":true,"DisplayVisible":true,"EditVisible":true,"ListVisible":true,"ListSortable":true,"ListFilterable":true,"ListWidth":"100%","Order":10000}
QnSTradingCompany;LoginSession;LoginTime;;{"ScaffoldItem":true,"IsModelItem":false,"Readonly":false,"FormatValue":"","Visible":true,"DisplayVisible":true,"EditVisible":true,"ListVisible":true,"ListSortable":true,"ListFilterable":true,"ListWidth":"150px","Order":10000}
QnSTradingCompany;LoginSession;LastAccess;;{"ScaffoldItem":true,"IsModelItem":false,"Readonly":false,"FormatValue":"","Visible":true,"DisplayVisible":true,"EditVisible":true,"ListVisible":true,"ListSortable":true,"ListFilterable":true,"ListWidth":"150px","Order":10000}
QnSTradingCompany;LoginSession;LogoutTime;;{"ScaffoldItem":true,"IsModelItem":false,"Readonly":false,"FormatValue":"","Visible":true,"DisplayVisible":true,"EditVisible":true,"ListVisible":true,"ListSortable":true,"ListFilterable":true,"ListWidth":"150px","Order":10000}
QnSTradingCompany;LoginSession;OptionalInfo;;{"ScaffoldItem":true,"IsModelItem":false,"Readonly":false,"FormatValue":"","Visible":true,"DisplayVisible":true,"EditVisible":true,"ListVisible":true,"ListSortable":true,"ListFilterable":true,"ListWidth":"100%","Order":10000}
QnSTradingCompany;LoginSession;RowVersion;;{"ScaffoldItem":true,"IsModelItem":false,"Readonly":false,"FormatValue":"","Visible":false,"DisplayVisible":true,"EditVisible":true,"ListVisible":true,"ListSortable":true,"ListFilterable":true,"ListWidth":"100%","Order":10000}
QnSTradingCompany;LoginSession;Id;;{"ScaffoldItem":true,"IsModelItem":false,"Readonly":false,"FormatValue":"","Visible":false,"DisplayVisible":true,"EditVisible":true,"ListVisible":true,"ListSortable":true,"ListFilterable":true,"ListWidth":"100px","Order":10000}
QnSTradingCompany;Role;PageSize;;50
QnSTradingCompany;RoleDataGrid;Setting;;{"HasDataGridProgress":true,"HasEditDialogHeader":false,"HasEditDialogFooter":true,"HasDeleteDialogHeader":false,"HasDeleteDialogFooter":true}
QnSTradingCompany;RoleDataGrid;EditOptions;;{"ShowTitle":true,"ShowClose":true,"Left":"","Top":"","Bottom":"","Width":"800px","Height":""}
QnSTradingCompany;RoleDataGrid;DeleteOptions;;{"ShowTitle":true,"ShowClose":true,"Left":"","Top":"","Bottom":"","Width":"800px","Height":""}
QnSTradingCompany;Role;Designation;;{"ScaffoldItem":true,"IsModelItem":false,"Readonly":false,"FormatValue":"","Visible":true,"DisplayVisible":true,"EditVisible":true,"ListVisible":true,"ListSortable":true,"ListFilterable":true,"ListWidth":"100%","Order":10000}
QnSTradingCompany;Role;Description;;{"ScaffoldItem":true,"IsModelItem":false,"Readonly":false,"FormatValue":"","Visible":true,"DisplayVisible":true,"EditVisible":true,"ListVisible":true,"ListSortable":true,"ListFilterable":true,"ListWidth":"100%","Order":10000}
QnSTradingCompany;Role;RowVersion;;{"ScaffoldItem":true,"IsModelItem":false,"Readonly":false,"FormatValue":"","Visible":false,"DisplayVisible":true,"EditVisible":true,"ListVisible":true,"ListSortable":true,"ListFilterable":true,"ListWidth":"100%","Order":10000}
QnSTradingCompany;Role;Id;;{"ScaffoldItem":true,"IsModelItem":false,"Readonly":false,"FormatValue":"","Visible":false,"DisplayVisible":true,"EditVisible":true,"ListVisible":true,"ListSortable":true,"ListFilterable":true,"ListWidth":"100px","Order":10000}
QnSTradingCompany;User;PageSize;;50
QnSTradingCompany;UserDataGrid;Setting;;{"HasDataGridProgress":true,"HasEditDialogHeader":false,"HasEditDialogFooter":true,"HasDeleteDialogHeader":false,"HasDeleteDialogFooter":true}
QnSTradingCompany;UserDataGrid;EditOptions;;{"ShowTitle":true,"ShowClose":true,"Left":"","Top":"","Bottom":"","Width":"800px","Height":""}
QnSTradingCompany;UserDataGrid;DeleteOptions;;{"ShowTitle":true,"ShowClose":true,"Left":"","Top":"","Bottom":"","Width":"800px","Height":""}
QnSTradingCompany;User;IdentityId;;{"ScaffoldItem":true,"IsModelItem":false,"Readonly":false,"FormatValue":"","Visible":true,"DisplayVisible":true,"EditVisible":true,"ListVisible":true,"ListSortable":true,"ListFilterable":true,"ListWidth":"100px","Order":10000}
QnSTradingCompany;User;Firstname;;{"ScaffoldItem":true,"IsModelItem":false,"Readonly":false,"FormatValue":"","Visible":true,"DisplayVisible":true,"EditVisible":true,"ListVisible":true,"ListSortable":true,"ListFilterable":true,"ListWidth":"100%","Order":10000}
QnSTradingCompany;User;Lastname;;{"ScaffoldItem":true,"IsModelItem":false,"Readonly":false,"FormatValue":"","Visible":true,"DisplayVisible":true,"EditVisible":true,"ListVisible":true,"ListSortable":true,"ListFilterable":true,"ListWidth":"100%","Order":10000}
QnSTradingCompany;User;RowVersion;;{"ScaffoldItem":true,"IsModelItem":false,"Readonly":false,"FormatValue":"","Visible":false,"DisplayVisible":true,"EditVisible":true,"ListVisible":true,"ListSortable":true,"ListFilterable":true,"ListWidth":"100%","Order":10000}
QnSTradingCompany;User;Id;;{"ScaffoldItem":true,"IsModelItem":false,"Readonly":false,"FormatValue":"","Visible":false,"DisplayVisible":true,"EditVisible":true,"ListVisible":true,"ListSortable":true,"ListFilterable":true,"ListWidth":"100px","Order":10000}
QnSTradingCompany;AppAccess;PageSize;;50
QnSTradingCompany;AppAccessDataGrid;Setting;;{"HasDataGridProgress":true,"HasEditDialogHeader":false,"HasEditDialogFooter":true,"HasDeleteDialogHeader":false,"HasDeleteDialogFooter":true}
QnSTradingCompany;AppAccessDataGrid;EditOptions;;{"ShowTitle":true,"ShowClose":true,"Left":"","Top":"","Bottom":"","Width":"800px","Height":""}
QnSTradingCompany;AppAccessDataGrid;DeleteOptions;;{"ShowTitle":true,"ShowClose":true,"Left":"","Top":"","Bottom":"","Width":"800px","Height":""}
QnSTradingCompany;AppAccess;OneItem;;{"ScaffoldItem":true,"IsModelItem":false,"Readonly":false,"FormatValue":"","Visible":true,"DisplayVisible":true,"EditVisible":true,"ListVisible":true,"ListSortable":true,"ListFilterable":true,"ListWidth":"100%","Order":10000}
QnSTradingCompany;AppAccess;ManyItems;;{"ScaffoldItem":true,"IsModelItem":false,"Readonly":false,"FormatValue":"","Visible":true,"DisplayVisible":true,"EditVisible":true,"ListVisible":true,"ListSortable":true,"ListFilterable":true,"ListWidth":"100%","Order":10000}
QnSTradingCompany;AppAccess;Id;;{"ScaffoldItem":true,"IsModelItem":false,"Readonly":false,"FormatValue":"","Visible":false,"DisplayVisible":true,"EditVisible":true,"ListVisible":true,"ListSortable":true,"ListFilterable":true,"ListWidth":"100px","Order":10000}
QnSTradingCompany;IdentityUser;PageSize;;50
QnSTradingCompany;IdentityUserDataGrid;Setting;;{"HasDataGridProgress":true,"HasEditDialogHeader":false,"HasEditDialogFooter":true,"HasDeleteDialogHeader":false,"HasDeleteDialogFooter":true}
QnSTradingCompany;IdentityUserDataGrid;EditOptions;;{"ShowTitle":true,"ShowClose":true,"Left":"","Top":"","Bottom":"","Width":"800px","Height":""}
QnSTradingCompany;IdentityUserDataGrid;DeleteOptions;;{"ShowTitle":true,"ShowClose":true,"Left":"","Top":"","Bottom":"","Width":"800px","Height":""}
QnSTradingCompany;IdentityUser;OneItem;;{"ScaffoldItem":true,"IsModelItem":false,"Readonly":false,"FormatValue":"","Visible":true,"DisplayVisible":true,"EditVisible":true,"ListVisible":true,"ListSortable":true,"ListFilterable":true,"ListWidth":"100%","Order":10000}
QnSTradingCompany;IdentityUser;AnotherItem;;{"ScaffoldItem":true,"IsModelItem":false,"Readonly":false,"FormatValue":"","Visible":true,"DisplayVisible":true,"EditVisible":true,"ListVisible":true,"ListSortable":true,"ListFilterable":true,"ListWidth":"100%","Order":10000}
QnSTradingCompany;IdentityUser;Id;;{"ScaffoldItem":true,"IsModelItem":false,"Readonly":false,"FormatValue":"","Visible":false,"DisplayVisible":true,"EditVisible":true,"ListVisible":true,"ListSortable":true,"ListFilterable":true,"ListWidth":"100px","Order":10000}
QnSTradingCompany;JsonWebLogon;PageSize;;50
QnSTradingCompany;JsonWebLogonDataGrid;Setting;;{"HasDataGridProgress":true,"HasEditDialogHeader":false,"HasEditDialogFooter":true,"HasDeleteDialogHeader":false,"HasDeleteDialogFooter":true}
QnSTradingCompany;JsonWebLogonDataGrid;EditOptions;;{"ShowTitle":true,"ShowClose":true,"Left":"","Top":"","Bottom":"","Width":"800px","Height":""}
QnSTradingCompany;JsonWebLogonDataGrid;DeleteOptions;;{"ShowTitle":true,"ShowClose":true,"Left":"","Top":"","Bottom":"","Width":"800px","Height":""}
QnSTradingCompany;JsonWebLogon;Token;;{"ScaffoldItem":true,"IsModelItem":false,"Readonly":false,"FormatValue":"","Visible":true,"DisplayVisible":true,"EditVisible":true,"ListVisible":true,"ListSortable":true,"ListFilterable":true,"ListWidth":"100%","Order":10000}
QnSTradingCompany;Logon;PageSize;;50
QnSTradingCompany;LogonDataGrid;Setting;;{"HasDataGridProgress":true,"HasEditDialogHeader":false,"HasEditDialogFooter":true,"HasDeleteDialogHeader":false,"HasDeleteDialogFooter":true}
QnSTradingCompany;LogonDataGrid;EditOptions;;{"ShowTitle":true,"ShowClose":true,"Left":"","Top":"","Bottom":"","Width":"800px","Height":""}
QnSTradingCompany;LogonDataGrid;DeleteOptions;;{"ShowTitle":true,"ShowClose":true,"Left":"","Top":"","Bottom":"","Width":"800px","Height":""}
QnSTradingCompany;Logon;Email;;{"ScaffoldItem":true,"IsModelItem":false,"Readonly":false,"FormatValue":"","Visible":true,"DisplayVisible":true,"EditVisible":true,"ListVisible":true,"ListSortable":true,"ListFilterable":true,"ListWidth":"100%","Order":10000}
QnSTradingCompany;Logon;Password;;{"ScaffoldItem":true,"IsModelItem":false,"Readonly":false,"FormatValue":"","Visible":true,"DisplayVisible":true,"EditVisible":true,"ListVisible":true,"ListSortable":true,"ListFilterable":true,"ListWidth":"100%","Order":10000}
QnSTradingCompany;Logon;OptionalInfo;;{"ScaffoldItem":true,"IsModelItem":false,"Readonly":false,"FormatValue":"","Visible":true,"DisplayVisible":true,"EditVisible":true,"ListVisible":true,"ListSortable":true,"ListFilterable":true,"ListWidth":"100%","Order":10000}
